Jaccard,F1,Recall,Precision,Specificity,Accuracy,F2,Mean Time,Mean FPS
0.8336,0.8981,0.9319,0.8780,0.9795,0.9749995,0.9155222,0.0500420,19.9831987
