Jaccard,F1,Recall,Precision,Specificity,Accuracy,F2,Mean Time,Mean FPS
0.9008,0.9466,0.9484,0.9492,0.9951,0.9920419,0.9471561,0.0530099,18.8643935
