Jaccard,F1,Recall,Precision,Specificity,Accuracy,F2,Mean Time,Mean FPS
0.5046,0.6302,0.7757,0.6681,0.9337,0.8840987,0.6807409,0.0381806,26.1913387
